,Canada,April20,April21,April22
0,Canada,6521.585351597113,6652.3370616647435,6832.930149186541
